id,start,end,computed,needs_recompute,num_retplayers,num_newplayers,num_games,dom_p,dom_t,dom_z
176,2016-11-10,2016-11-23,t,f,577,30,2422,0.919419503789561,1.07989633387892,1.00068416233152
177,2016-11-24,2016-12-07,t,f,491,24,2641,0.936167474987962,1.09121652721419,0.972615997797852
178,2016-12-08,2016-12-21,t,f,606,58,2978,0.909263937471615,1.11201436273931,0.978721699789071
179,2016-12-22,2017-01-04,t,f,296,11,965,0.898342717067584,1.10200593419233,0.999651348740091
180,2017-01-05,2017-01-18,t,f,570,29,2959,0.881646315428111,1.14607356003978,0.972280124532107
43,2011-10-06,2011-10-19,t,f,439,38,2366,0.875592305772379,1.11230550749328,1.01210218673434
181,2017-01-19,2017-02-01,t,f,572,30,3139,0.925546768283529,1.11993212972879,0.954521101987679
182,2017-02-02,2017-02-15,t,f,588,58,3354,0.955491272272607,1.12347241459175,0.921036313135641
225,2018-09-27,2018-10-10,t,f,502,80,2996,0.855018696671374,1.0495956794243,1.09538562390433
232,2019-01-03,2019-01-16,t,f,554,94,3185,0.885039859931701,1.0583110380649,1.0566491020034
234,2019-01-31,2019-02-13,t,f,470,61,2738,0.900494095445078,1.06717403802464,1.03233186653028
235,2019-02-14,2019-02-27,t,f,449,60,2583,0.877424342545064,1.07231530284841,1.05026035460652
239,2019-04-11,2019-04-24,t,f,647,92,4752,0.904753751709163,1.02232058577727,1.07292566251357
16,2010-09-23,2010-10-06,t,f,235,133,1087,1.04137587270471,1.01414738417916,0.944476743116126
17,2010-10-07,2010-10-20,t,f,280,144,1536,1.02756928440518,1.02521299617572,0.947217719419097
26,2011-02-10,2011-02-23,t,f,334,79,1789,0.942744719349278,1.105536686871,0.951718593779725
19,2010-11-04,2010-11-17,t,f,327,183,1602,0.978693230380022,1.0268566545938,0.994450115026175
20,2010-11-18,2010-12-01,t,f,290,74,1294,0.972312036787377,1.02593973465335,1.00174822855927
21,2010-12-02,2010-12-15,t,f,287,60,1522,0.976474326498082,1.01518703102203,1.00833864247989
27,2011-02-24,2011-03-09,t,f,332,51,1606,0.935736574957441,1.1071795206782,0.957083904364362
22,2010-12-16,2010-12-29,t,f,191,51,926,0.994292381114017,1.01939424832874,0.986313370557241
24,2011-01-13,2011-01-26,t,f,352,55,1771,0.948169861605497,1.12232553938358,0.929504599010922
25,2011-01-27,2011-02-09,t,f,339,72,1557,0.927386358794741,1.12822007043865,0.944393570766613
88,2013-06-27,2013-07-10,t,f,869,103,4952,0.949479084051716,1.06498803788778,0.985532878060505
104,2014-02-06,2014-02-19,t,f,526,40,2336,1.0507753741106,1.05527144213494,0.893953183754461
105,2014-02-20,2014-03-05,t,f,569,72,2189,1.04711579543673,1.06039965450945,0.892484550053826
106,2014-03-06,2014-03-19,t,f,460,22,1679,1.05972299402507,1.04274272211519,0.897534283859743
109,2014-04-17,2014-04-30,t,f,662,28,3782,1.03102649371132,1.05012103145818,0.918852474830495
120,2014-09-18,2014-10-01,t,f,746,30,3840,0.98042628516153,1.02676002020834,0.992813694630134
121,2014-10-02,2014-10-15,t,f,625,34,3312,0.972802790400787,1.02463156497275,1.00256564462647
122,2014-10-16,2014-10-29,t,f,619,41,3844,0.984241837641984,1.00730739166839,1.00845077068962
28,2011-03-10,2011-03-23,t,f,346,79,1841,0.942845553515235,1.10281379776622,0.954340648718545
29,2011-03-24,2011-04-06,t,f,379,107,2049,0.981524938113713,1.08475135954225,0.933723702344038
30,2011-04-07,2011-04-20,t,f,345,38,1276,0.98664296476724,1.08409753474624,0.929259500486523
38,2011-07-28,2011-08-10,t,f,594,107,3154,0.934364817267092,1.08429874162819,0.981336441104714
242,2019-05-23,2019-06-05,t,f,523,90,3952,0.905550577238126,0.995902555126006,1.09854686763587
241,2019-05-09,2019-05-22,t,f,431,38,2552,0.905142963406573,0.995301548679623,1.0995554879138
221,2018-08-02,2018-08-15,t,f,532,61,2880,0.883590329272286,1.04101123910571,1.07539843162201
222,2018-08-16,2018-08-29,t,f,626,86,2905,0.886628603861292,1.03450236986153,1.07886902627718
288,2021-02-25,2021-03-10,f,t,0,0,0,,,
40,2011-08-25,2011-09-07,t,f,535,111,2596,0.892864717211469,1.13396325952893,0.973172023259604
223,2018-08-30,2018-09-12,t,f,598,86,2568,0.848098471711536,1.08570831166227,1.0661932166262
224,2018-09-13,2018-09-26,t,f,537,81,3052,0.855048002120008,1.05546915829797,1.08948283958202
226,2018-10-11,2018-10-24,t,f,555,94,3626,0.846354397497712,1.06206962960602,1.09157597289627
227,2018-10-25,2018-11-07,t,f,458,57,2066,0.843326845890674,1.05558126173944,1.10109189236988
228,2018-11-08,2018-11-21,t,f,557,72,3001,0.830588651852089,1.04482093886867,1.12459040927925
229,2018-11-22,2018-12-05,t,f,520,60,3367,0.851751524234487,1.02748794716759,1.12076052859792
230,2018-12-06,2018-12-19,t,f,502,56,3055,0.889168200569932,1.03387322731363,1.07695857211644
231,2018-12-20,2019-01-02,t,f,329,30,1464,0.874268709461296,1.03783040695345,1.08790088358525
240,2019-04-25,2019-05-08,t,f,466,48,2434,0.908433516812363,1.00647452001849,1.08509196316915
13,2010-08-12,2010-08-25,t,f,139,78,793,1.03227796077577,1.00253928544427,0.96518275377996
244,2019-06-20,2019-07-03,f,f,0,0,0,,,
245,2019-07-04,2019-07-17,f,f,0,0,0,,,
246,2019-07-18,2019-07-31,f,f,0,0,0,,,
247,2019-08-01,2019-08-14,f,f,0,0,0,,,
248,2019-08-15,2019-08-28,f,f,0,0,0,,,
249,2019-08-29,2019-09-11,f,f,0,0,0,,,
250,2019-09-12,2019-09-25,f,f,0,0,0,,,
251,2019-09-26,2019-10-09,f,f,0,0,0,,,
252,2019-10-10,2019-10-23,f,f,0,0,0,,,
253,2019-10-24,2019-11-06,f,f,0,0,0,,,
254,2019-11-07,2019-11-20,f,f,0,0,0,,,
255,2019-11-21,2019-12-04,f,f,0,0,0,,,
256,2019-12-05,2019-12-18,f,f,0,0,0,,,
257,2019-12-19,2020-01-01,f,f,0,0,0,,,
258,2020-01-02,2020-01-15,f,f,0,0,0,,,
259,2020-01-16,2020-01-29,f,f,0,0,0,,,
260,2020-01-30,2020-02-12,f,f,0,0,0,,,
261,2020-02-13,2020-02-26,f,f,0,0,0,,,
262,2020-02-27,2020-03-11,f,f,0,0,0,,,
263,2020-03-12,2020-03-25,f,f,0,0,0,,,
264,2020-03-26,2020-04-08,f,f,0,0,0,,,
265,2020-04-09,2020-04-22,f,f,0,0,0,,,
266,2020-04-23,2020-05-06,f,f,0,0,0,,,
267,2020-05-07,2020-05-20,f,f,0,0,0,,,
268,2020-05-21,2020-06-03,f,f,0,0,0,,,
269,2020-06-04,2020-06-17,f,f,0,0,0,,,
270,2020-06-18,2020-07-01,f,f,0,0,0,,,
271,2020-07-02,2020-07-15,f,f,0,0,0,,,
272,2020-07-16,2020-07-29,f,f,0,0,0,,,
273,2020-07-30,2020-08-12,f,f,0,0,0,,,
274,2020-08-13,2020-08-26,f,f,0,0,0,,,
275,2020-08-27,2020-09-09,f,f,0,0,0,,,
276,2020-09-10,2020-09-23,f,f,0,0,0,,,
277,2020-09-24,2020-10-07,f,f,0,0,0,,,
278,2020-10-08,2020-10-21,f,f,0,0,0,,,
279,2020-10-22,2020-11-04,f,f,0,0,0,,,
280,2020-11-05,2020-11-18,f,f,0,0,0,,,
281,2020-11-19,2020-12-02,f,f,0,0,0,,,
282,2020-12-03,2020-12-16,f,f,0,0,0,,,
283,2020-12-17,2020-12-30,f,f,0,0,0,,,
284,2020-12-31,2021-01-13,f,f,0,0,0,,,
285,2021-01-14,2021-01-27,f,f,0,0,0,,,
286,2021-01-28,2021-02-10,f,f,0,0,0,,,
287,2021-02-11,2021-02-24,f,f,0,0,0,,,
289,2021-03-11,2021-03-24,f,f,0,0,0,,,
290,2021-03-25,2021-04-07,f,f,0,0,0,,,
291,2021-04-08,2021-04-21,f,f,0,0,0,,,
292,2021-04-22,2021-05-05,f,f,0,0,0,,,
293,2021-05-06,2021-05-19,f,f,0,0,0,,,
294,2021-05-20,2021-06-02,f,f,0,0,0,,,
295,2021-06-03,2021-06-16,f,f,0,0,0,,,
296,2021-06-17,2021-06-30,f,f,0,0,0,,,
297,2021-07-01,2021-07-14,f,f,0,0,0,,,
298,2021-07-15,2021-07-28,f,f,0,0,0,,,
299,2021-07-29,2021-08-11,f,f,0,0,0,,,
300,2021-08-12,2021-08-25,f,f,0,0,0,,,
243,2019-06-06,2019-06-19,t,t,310,25,1562,0.902846748716758,0.987752169574184,1.10940108170906
233,2019-01-17,2019-01-30,t,f,637,112,4377,0.90824553755619,1.06646538147304,1.02528908097077
2,2010-03-11,2010-03-24,t,f,21,31,188,0.922511907126177,1.01850192580891,1.05898616706492
5,2010-04-22,2010-05-05,t,f,82,55,377,0.997637444130563,0.964731031021371,1.03763152484807
6,2010-05-06,2010-05-19,t,f,85,52,484,0.958670737348395,0.977608139761077,1.06372112289053
7,2010-05-20,2010-06-02,t,f,78,17,386,0.972778546256958,0.975713139300519,1.05150831444252
8,2010-06-03,2010-06-16,t,f,37,17,110,0.97017550725003,0.980458775348884,1.04936571740109
9,2010-06-17,2010-06-30,t,f,2,0,6,0.97017550725003,0.980458775348884,1.04936571740109
10,2010-07-01,2010-07-14,t,f,61,53,167,0.999117013120894,0.962938037247816,1.03794494963129
11,2010-07-15,2010-07-28,t,f,92,46,343,1.01773205015745,0.990566111243704,0.991701838598847
12,2010-07-29,2010-08-11,t,f,149,159,698,1.02315109289201,1.00548633845956,0.971362568648433
14,2010-08-26,2010-09-08,t,f,157,138,1021,1.0354851027736,1.01758165418549,0.946933243040917
31,2011-04-21,2011-05-04,t,f,404,80,2265,0.996345246778689,1.07668008820887,0.926974665012445
32,2011-05-05,2011-05-18,t,f,417,98,2003,0.990481460847893,1.07844388085451,0.931074658297597
33,2011-05-19,2011-06-01,t,f,426,64,1839,0.977222893270808,1.07074102188487,0.952036084844318
34,2011-06-02,2011-06-15,t,f,468,107,2310,0.946026340290024,1.10019405076639,0.95377960894359
35,2011-06-16,2011-06-29,t,f,508,104,2368,1.01165672977059,1.04153909825753,0.946804171971881
36,2011-06-30,2011-07-13,t,f,492,65,2291,0.981762291073385,1.05400664052997,0.964231068396642
3,2010-03-25,2010-04-07,t,f,35,70,280,0.971130845735965,0.983905556524135,1.0449635977399
37,2011-07-14,2011-07-27,t,f,444,70,2194,0.969554240976696,1.04080905317505,0.989636705848249
4,2010-04-08,2010-04-21,t,f,57,65,365,0.968801027769986,0.994401799548034,1.03679717268198
39,2011-08-11,2011-08-24,t,f,484,104,2252,0.914622170807701,1.11418003539965,0.97119779379265
1,2010-02-25,2010-03-10,t,f,0,47,143,0.966473496928373,0.976713151907477,1.05681335116415
41,2011-09-08,2011-09-21,t,f,446,30,1999,0.892642244685869,1.13216460514731,0.975193150166823
15,2010-09-09,2010-09-22,t,f,216,110,994,1.05812931926083,1.00858568279269,0.933284997946483
18,2010-10-21,2010-11-03,t,f,282,79,1264,1.0268789158425,1.00178097738912,0.971340106768376
23,2010-12-30,2011-01-12,t,f,293,76,1490,0.974125815302666,1.072648857129,0.953225327568337
183,2017-02-16,2017-03-01,t,f,541,33,2337,0.975618051799622,1.11210155672633,0.912280391474047
185,2017-03-16,2017-03-29,t,f,577,49,2608,0.939267080835739,1.0900910594583,0.970641859705965
186,2017-03-30,2017-04-12,t,f,579,55,3323,0.96532085418857,1.05551451992627,0.979164625885161
184,2017-03-02,2017-03-15,t,f,573,69,2941,0.955959857907171,1.11224626688962,0.931793875203208
187,2017-04-13,2017-04-26,t,f,524,46,2711,0.959854432058672,1.05999792139119,0.980147646550134
188,2017-04-27,2017-05-10,t,f,520,93,3104,0.946975141501921,1.07130148710788,0.981723371390197
189,2017-05-11,2017-05-24,t,f,566,80,3167,0.933988435705147,1.08627610756223,0.979735456732627
190,2017-05-25,2017-06-07,t,f,553,69,3458,0.906049894599115,1.10632332105914,0.987626784341742
191,2017-06-08,2017-06-21,t,f,436,44,2831,0.850216821928189,1.12209893620483,1.02768424186698
192,2017-06-22,2017-07-05,t,f,424,65,2700,0.837824228880787,1.12791557763299,1.03426019348622
193,2017-07-06,2017-07-19,t,f,474,35,2666,0.835323279090008,1.12503284894009,1.0396438719699
194,2017-07-20,2017-08-02,t,f,482,62,2636,0.854542158467181,1.14176435090167,1.00369349063115
195,2017-08-03,2017-08-16,t,f,477,46,2887,0.855601139914865,1.12142013055382,1.02297872953131
196,2017-08-17,2017-08-30,t,f,453,43,2989,0.875348178888648,1.14601461994716,0.978637201164196
197,2017-08-31,2017-09-13,t,f,492,67,2925,0.909329123279207,1.13050470991833,0.960166166802468
198,2017-09-14,2017-09-27,t,f,538,61,3020,0.918231494497086,1.08931126281685,0.992457242686064
199,2017-09-28,2017-10-11,t,f,487,44,2837,0.910767304777962,1.07050553067722,1.01872716454482
200,2017-10-12,2017-10-25,t,f,467,47,2747,0.925625926838034,1.06372963171098,1.01064444145098
201,2017-10-26,2017-11-08,t,f,380,46,2020,0.910440620942029,1.0515728202961,1.03798655876187
202,2017-11-09,2017-11-22,t,f,450,54,2813,0.946176288264069,1.0269166693563,1.02690704237963
203,2017-11-23,2017-12-06,t,f,532,129,3151,0.983502868630959,0.958428175505746,1.05806895586329
204,2017-12-07,2017-12-20,t,f,536,112,3540,0.949357784589743,0.997439260295161,1.0532029551151
205,2017-12-21,2018-01-03,t,f,298,42,1525,0.977957569557676,0.979262156082959,1.04278027435936
207,2018-01-18,2018-01-31,t,f,642,111,3557,1.00914279543378,0.963716087402847,1.02714111716337
208,2018-02-01,2018-02-14,t,f,525,97,2937,1.01207168163714,0.950569444557069,1.03735887380579
209,2018-02-15,2018-02-28,t,f,613,142,3259,0.988510506676889,0.976993686240153,1.03449580708296
210,2018-03-01,2018-03-14,t,f,602,88,2943,0.969027137702158,0.962662639918886,1.06831022237896
211,2018-03-15,2018-03-28,t,f,642,95,3775,0.929461022437102,1.00614351858406,1.06439545897884
213,2018-04-12,2018-04-25,t,f,638,109,3205,0.927257378678104,1.03165952297352,1.04108309834838
214,2018-04-26,2018-05-09,t,f,683,127,3625,0.934783389393378,1.03853519045736,1.02668142014926
215,2018-05-10,2018-05-23,t,f,596,98,3146,0.930586387408294,1.043584488888,1.02582912370371
216,2018-05-24,2018-06-06,t,f,700,88,3390,0.937143749183169,1.03891881972127,1.02393743109556
217,2018-06-07,2018-06-20,t,f,692,89,4489,0.896831722019715,1.06077682170431,1.04239145627597
218,2018-06-21,2018-07-04,t,f,525,58,2948,0.875853901140443,1.06423871764303,1.05990738121653
219,2018-07-05,2018-07-18,t,f,590,65,3344,0.891506130681004,1.0568956226985,1.05159824662049
236,2019-02-28,2019-03-13,t,f,349,66,2111,0.88178005904656,1.01278444119288,1.10543549976056
237,2019-03-14,2019-03-27,t,f,391,70,2175,0.878216716330529,1.02558480710232,1.09619847656715
238,2019-03-28,2019-04-10,t,f,581,106,3349,0.897784680828697,1.00960326852267,1.09261205064863
206,2018-01-04,2018-01-17,t,f,547,97,2965,1.0151472324652,0.964114041057594,1.02073872647721
212,2018-03-29,2018-04-11,t,f,684,202,4984,0.943239932684798,1.00643647026766,1.05032359704754
220,2018-07-19,2018-08-01,t,f,691,130,4947,0.883839719314679,1.06520057702542,1.0509597036599
53,2012-02-23,2012-03-07,t,f,583,75,2586,0.878863519279702,1.12265454824497,0.998481932475325
54,2012-03-08,2012-03-21,t,f,614,139,2614,0.903887184147588,1.09363533059746,1.00247748525495
51,2012-01-26,2012-02-08,t,f,506,64,2208,0.876163336795512,1.13054568230494,0.993290980899551
48,2011-12-15,2011-12-28,t,f,396,34,2007,0.864570337733349,1.14770425624981,0.987725406016842
52,2012-02-09,2012-02-22,t,f,594,90,3168,0.872805228612952,1.11450374007785,1.0126910313092
42,2011-09-22,2011-10-05,t,f,498,71,2375,0.883286714136718,1.13491474684621,0.981798539017071
50,2012-01-12,2012-01-25,t,f,459,86,2060,0.860235943843794,1.14563107849327,0.994132977662931
46,2011-11-17,2011-11-30,t,f,562,100,3141,0.85150383690389,1.09350955333701,1.0549866097591
58,2012-05-03,2012-05-16,t,f,575,69,3095,0.926971653232742,1.09590279454931,0.977125552217952
65,2012-08-09,2012-08-22,t,f,477,68,1845,0.970787728787587,1.03347106280877,0.995741208403645
66,2012-08-23,2012-09-05,t,f,618,128,3092,0.952674566518631,1.00608533321767,1.0412401002637
45,2011-11-03,2011-11-16,t,f,439,63,2124,0.824464233997998,1.12303239412557,1.05250337187643
47,2011-12-01,2011-12-14,t,f,455,58,2414,0.855042166752917,1.14395852161833,1.00099931162875
55,2012-03-22,2012-04-04,t,f,535,91,3075,0.872570910648483,1.12813861720073,0.999290472150788
67,2012-09-06,2012-09-19,t,f,718,98,3143,0.96121538774865,0.974331001162838,1.06445361108851
63,2012-07-12,2012-07-25,t,f,634,70,3706,0.97661735445638,0.983506479696985,1.03987616584663
57,2012-04-19,2012-05-02,t,f,604,103,3292,0.906711665584537,1.09859927016732,0.994689064248145
132,2015-03-05,2015-03-18,t,f,573,51,2569,0.992124368896295,1.00201936450466,1.00585626659905
49,2011-12-29,2012-01-11,t,f,373,35,1451,0.891510018181002,1.11649794720386,0.991992034615141
68,2012-09-20,2012-10-03,t,f,545,37,2394,0.952110859741983,0.976516363696514,1.0713727765615
59,2012-05-17,2012-05-30,t,f,538,97,2356,0.921693359809835,1.06923095730657,1.00907568288359
64,2012-07-26,2012-08-08,t,f,587,82,2522,0.959234846011307,1.02809186627423,1.01267328771446
44,2011-10-20,2011-11-02,t,f,469,71,2593,0.855103895584865,1.11604540189553,1.02885070251961
60,2012-05-31,2012-06-13,t,f,583,88,2925,0.917320966474151,1.06724744223381,1.01543159129204
56,2012-04-05,2012-04-18,t,f,660,132,3740,0.902428124548934,1.10250690546605,0.995064969985015
61,2012-06-14,2012-06-27,t,f,613,104,4198,0.938825024818713,1.01945869668853,1.04171627849276
69,2012-10-04,2012-10-17,t,f,580,35,3226,0.98637020095594,0.938477797318745,1.07515200172532
89,2013-07-11,2013-07-24,t,f,703,71,3349,0.933439719174866,1.08163382562969,0.984926455195446
73,2012-11-29,2012-12-12,t,f,542,40,2460,1.06767099077953,0.899992968368282,1.03233604085219
127,2014-12-25,2015-01-07,t,f,564,46,2518,1.00051446552339,1.07292812445213,0.926557410024481
74,2012-12-13,2012-12-26,t,f,406,22,1457,1.03904354808301,0.907131210804962,1.05382524111203
135,2015-04-16,2015-04-29,t,f,591,71,2908,1.0350184907747,0.990651194746727,0.974330314478572
62,2012-06-28,2012-07-11,t,f,623,86,3460,0.965414507850186,0.99572298906814,1.03886250308167
77,2013-01-24,2013-02-06,t,f,657,76,2280,1.00474682965839,0.947389978956728,1.04786319138488
78,2013-02-07,2013-02-20,t,f,511,45,2233,0.990353530970117,0.947919063759138,1.06172740527074
128,2015-01-08,2015-01-21,t,f,795,114,5247,0.99458566480213,1.05108109930979,0.954333235888076
83,2013-04-18,2013-05-01,t,f,645,169,3151,0.980516268755607,0.9740222506205,1.04546148062389
84,2013-05-02,2013-05-15,t,f,531,47,2548,0.970267722089956,1.00626605053058,1.02346622737947
75,2012-12-27,2013-01-09,t,f,322,61,1045,1.00631053645672,0.918743782692237,1.07494568085104
85,2013-05-16,2013-05-29,t,f,457,34,1837,0.935120657460502,1.06967192504334,0.99520741749616
86,2013-05-30,2013-06-12,t,f,606,53,2508,0.953854538045762,1.05937043702221,0.986775024932033
79,2013-02-21,2013-03-06,t,f,510,35,2133,0.997367270183312,0.947072707862815,1.05556002195387
80,2013-03-07,2013-03-20,t,f,343,20,1337,1.00260828704348,0.951334635360912,1.04605707759561
90,2013-07-25,2013-08-07,t,f,573,28,2504,0.956765716933333,1.0696446208057,0.973589662260968
91,2013-08-08,2013-08-21,t,f,470,23,2052,0.924088164292406,1.10083097988905,0.975080855818547
92,2013-08-22,2013-09-04,t,f,478,28,2244,0.931966504224137,1.1036459287937,0.964387566982168
93,2013-09-05,2013-09-18,t,f,526,39,2818,0.968848146097026,1.08671950186425,0.944432352038727
94,2013-09-19,2013-10-02,t,f,624,47,2681,0.96167505734852,1.09452423110138,0.943800711550101
98,2013-11-14,2013-11-27,t,f,482,34,2208,0.950140913243737,1.10345754611439,0.946401540641876
99,2013-11-28,2013-12-11,t,f,401,13,2292,0.982186556706883,1.07671983225372,0.941093611039402
95,2013-10-03,2013-10-16,t,f,574,70,2752,0.945218911622012,1.12049927531705,0.934281813060939
100,2013-12-12,2013-12-25,t,f,524,61,2068,1.00681009673881,1.06568674041375,0.927503162847438
101,2013-12-26,2014-01-08,t,f,701,84,3052,1.015633280171,1.05916675563043,0.925199964198574
102,2014-01-09,2014-01-22,t,f,681,56,3530,1.01031428360748,1.07600534635351,0.913680370039011
103,2014-01-23,2014-02-05,t,f,484,48,2298,1.05127416051401,1.0415043361809,0.90722150330509
107,2014-03-20,2014-04-02,t,f,524,29,1868,1.05969495768544,1.01189719390138,0.92840784841318
108,2014-04-03,2014-04-16,t,f,605,59,2381,1.03698910879271,1.04671579587743,0.916295095329858
110,2014-05-01,2014-05-14,t,f,537,26,2284,1.04066400635016,1.02560129277026,0.933734700879578
70,2012-10-18,2012-10-31,t,f,544,64,2887,0.981223945735696,0.928934991847422,1.08984106241688
111,2014-05-15,2014-05-28,t,f,554,22,2287,1.01213602263192,1.02846721819731,0.959396759170772
112,2014-05-29,2014-06-11,t,f,564,57,3013,1.0071709430547,1.02127099425994,0.971558062685366
113,2014-06-12,2014-06-25,t,f,610,110,3279,0.99912097692766,1.04070111447561,0.960177908596725
119,2014-09-04,2014-09-17,t,f,753,64,3399,0.995053843648307,1.06143173287665,0.943514423475042
123,2014-10-30,2014-11-12,t,f,470,17,2094,1.01206131883219,0.996841813970266,0.99109686719754
124,2014-11-13,2014-11-26,t,f,476,58,2919,1.03097062213222,1.01747482024555,0.951554557622233
125,2014-11-27,2014-12-10,t,f,423,31,1941,1.02764701222224,1.05659437535333,0.915758612424435
129,2015-01-22,2015-02-04,t,f,568,43,2405,0.984290789099055,1.04591020543148,0.96979900546946
126,2014-12-11,2014-12-24,t,f,425,14,2400,1.03570837909021,1.05123471681288,0.913056904096916
96,2013-10-17,2013-10-30,t,f,563,42,2652,0.942409178278678,1.10287074125955,0.954720080461772
130,2015-02-05,2015-02-18,t,f,517,43,2315,0.979420191652549,1.03374727951819,0.986832528829257
131,2015-02-19,2015-03-04,t,f,679,73,4125,1.00215698369279,1.00827834593044,0.989564670376779
71,2012-11-01,2012-11-14,t,f,639,67,2832,0.961727155876111,0.92741866225829,1.1108541818656
72,2012-11-15,2012-11-28,t,f,422,42,1824,1.05258870046079,0.904794924828601,1.04261637471061
133,2015-03-19,2015-04-01,t,f,622,74,2758,1.03129077672958,0.974965809095437,0.993743414174985
134,2015-04-02,2015-04-15,t,f,757,80,5129,1.03507361388349,0.991438645497311,0.973487740619203
81,2013-03-21,2013-04-03,t,f,557,79,2263,0.999068487334483,0.962933093827376,1.03799841883814
87,2013-06-13,2013-06-26,t,f,663,94,3023,0.964799407976437,1.04910140452901,0.986099187494556
97,2013-10-31,2013-11-13,t,f,645,112,3284,0.943953335524856,1.08548107740221,0.970565587072932
114,2014-06-26,2014-07-09,t,f,615,67,2530,0.992103904515347,1.03814156845225,0.969754527032401
115,2014-07-10,2014-07-23,t,f,692,76,4142,0.991183387020666,1.00393607780721,1.00488053517213
116,2014-07-24,2014-08-06,t,f,603,36,3434,0.971904694255305,1.02616046743884,1.00193483830586
117,2014-08-07,2014-08-20,t,f,621,82,3956,1.01291949944957,1.01339225787331,0.973688242677117
118,2014-08-21,2014-09-03,t,f,558,53,2125,0.991192711944876,1.05773968276706,0.951067605288063
76,2013-01-10,2013-01-23,t,f,567,87,2311,1.01845239193794,0.925338618271482,1.05620898979057
82,2013-04-04,2013-04-17,t,f,652,93,2459,0.990537271324774,0.979982040506342,1.02948068816888
136,2015-04-30,2015-05-13,t,f,646,208,3394,1.01524944149163,0.984203739730899,1.00054681877747
168,2016-07-21,2016-08-03,t,f,571,33,2923,1.00321779592573,1.07790069955796,0.918881504516315
169,2016-08-04,2016-08-17,t,f,567,49,2743,1.00522299415969,1.07084982545451,0.923927180385804
170,2016-08-18,2016-08-31,t,f,632,45,2992,0.987996390241364,1.07941313065772,0.932590479100912
171,2016-09-01,2016-09-14,t,f,625,42,2152,0.965239499110527,1.09166764709104,0.943092853798436
172,2016-09-15,2016-09-28,t,f,687,71,3447,0.933311014658637,1.08936587955961,0.977323105781756
173,2016-09-29,2016-10-12,t,f,633,42,2441,0.941400362918306,1.08819251198971,0.970407125091981
174,2016-10-13,2016-10-26,t,f,607,41,2934,0.93289914383754,1.10341282484654,0.963688031315915
175,2016-10-27,2016-11-09,t,f,587,50,2382,0.914496929444772,1.11586106614872,0.969642004406507
137,2015-05-14,2015-05-27,t,f,630,161,2568,1.02510918210774,0.992587097152906,0.982303720739356
138,2015-05-28,2015-06-10,t,f,641,84,2493,1.01502024478111,0.98922050026848,0.995759254950414
139,2015-06-11,2015-06-24,t,f,640,69,3685,1.05218059570098,0.984518504557296,0.963300899741722
140,2015-06-25,2015-07-08,t,f,819,139,5065,1.06145460755066,0.946354106313871,0.992191286135467
141,2015-07-09,2015-07-22,t,f,713,131,3593,0.993207184793683,1.0041368103714,1.00265600483492
142,2015-07-23,2015-08-05,t,f,614,108,2701,0.984658739119753,0.986362842137329,1.02897841874292
143,2015-08-06,2015-08-19,t,f,561,76,2523,0.962932061097961,1.01191074650919,1.02515719239285
144,2015-08-20,2015-09-02,t,f,558,58,1884,0.970240378477357,1.02308461989637,1.00667500162627
145,2015-09-03,2015-09-16,t,f,675,120,2296,0.949883895723201,1.04094758896681,1.00916851530999
146,2015-09-17,2015-09-30,t,f,725,92,2900,0.964942563719328,1.03275666647456,1.00230076980612
147,2015-10-01,2015-10-14,t,f,616,44,2130,0.971114173277228,1.0125328987033,1.01635292801947
148,2015-10-15,2015-10-28,t,f,602,38,2955,0.95201240078718,1.03761227145264,1.01037532776018
149,2015-10-29,2015-11-11,t,f,356,13,1147,0.964276723805032,1.02734944794965,1.00837382824532
150,2015-11-12,2015-11-25,t,f,500,47,2576,0.946360346854832,1.04695763318439,1.00668201996078
151,2015-11-26,2015-12-09,t,f,527,45,2257,0.942612277884025,1.07008644111513,0.987301281000847
152,2015-12-10,2015-12-23,t,f,583,81,2618,0.968302049220489,1.02299767767876,1.00870027310075
153,2015-12-24,2016-01-06,t,f,474,20,1387,0.927230322948242,1.06131986185227,1.01144981519949
154,2016-01-07,2016-01-20,t,f,751,109,3446,0.934431556714745,1.04576883958196,1.01979960370329
155,2016-01-21,2016-02-03,t,f,1006,180,6163,0.963042691129374,1.01199250736168,1.02496480150895
156,2016-02-04,2016-02-17,t,f,822,63,4410,0.95862181826437,1.00330054923491,1.03807763250072
157,2016-02-18,2016-03-02,t,f,650,55,3457,0.955101920779227,1.02238130616003,1.02251677306075
158,2016-03-03,2016-03-16,t,f,655,64,2617,0.955446312696108,1.02483978075571,1.01971390654819
159,2016-03-17,2016-03-30,t,f,660,67,3679,0.954986439093263,1.02199609553845,1.02301746536829
160,2016-03-31,2016-04-13,t,f,659,82,4019,0.979093954471038,1.02057532753408,1.00033071799488
161,2016-04-14,2016-04-27,t,f,632,53,3762,0.979151930332772,1.03377826895656,0.987069800710663
162,2016-04-28,2016-05-11,t,f,610,68,3368,0.952328954009977,1.0482739992918,0.999397046698227
163,2016-05-12,2016-05-25,t,f,706,90,3290,0.982422761694944,1.04566569356291,0.971911544742148
164,2016-05-26,2016-06-08,t,f,807,114,4247,0.977313005679941,1.06503269839708,0.957654295922981
165,2016-06-09,2016-06-22,t,f,843,96,3593,0.974869005417933,1.08122066894159,0.94391032564048
166,2016-06-23,2016-07-06,t,f,764,80,3059,0.990159077295601,1.06735125203037,0.942489670674025
167,2016-07-07,2016-07-20,t,f,810,64,3282,0.990968140618107,1.07502272080593,0.934009138575959
